{"version":"v1.5.6","running":true,"backupActive":false,"standaloneMode":false,"extraHeadingText":null,"nodeMutationsAllowed":true,"config":{"rollInProgress":false,"rollStatus":"n/a","rollPercentDone":0,"hostname":"10.0.7.201","serverId":1,"logIndexDirectory":"/var/lib/dcos/exhibitor/zookeeper/transactions","zookeeperInstallDirectory":"/opt/mesosphere/active/exhibitor/usr/zookeeper","zookeeperConfigDirectory":"/var/lib/dcos/exhibitor/conf","zookeeperDataDirectory":"/var/lib/dcos/exhibitor/zookeeper/snapshot","zookeeperLogDirectory":"/var/lib/dcos/exhibitor/zookeeper/transactions","zookeeperPidPath":"/var/lib/dcos/exhibitor/zk.pid","serversSpec":"1:10.0.7.201","backupExtra":"","zooCfgExtra":{"tickTime":"2000","initLimit":"10","syncLimit":"5","quorumListenOnAllIPs":"true","maxClientCnxns":"0","autopurge.snapRetainCount":"5","autopurge.purgeInterval":"6"},"javaEnvironment":"","log4jProperties":"","clientPort":2181,"connectPort":2888,"electionPort":3888,"checkMs":2000,"cleanupPeriodMs":300000,"cleanupMaxFiles":20,"backupMaxStoreMs":21600000,"backupPeriodMs":600000,"autoManageInstances":0,"autoManageInstancesSettlingPeriodMs":0,"observerThreshold":0,"autoManageInstancesFixedEnsembleSize":1,"autoManageInstancesApplyAllAtOnce":1,"controlPanel":{}}}