{"roles":[{"frameworks":["0278fee7-4544-438f-991f-7ea7d8513cc2-0000"],"name":"*","resources":{"cpus":0,"disk":0,"gpus":0,"mem":0},"weight":1.0},{"frameworks":["0278fee7-4544-438f-991f-7ea7d8513cc2-0002"],"name":"dcos-edgelb__pools__ssl-nginx-delayed-role","resources":{"cpus":0,"disk":0,"gpus":0,"mem":0},"weight":1.0},{"frameworks":["0278fee7-4544-438f-991f-7ea7d8513cc2-0001"],"name":"slave_public","resources":{"cpus":2.5,"disk":0,"gpus":0,"mem":5632.0,"ports":"[3523-3524, 3908-3909, 4689-4689, 12117-12118, 13963-13964, 14128-14128, 29311-29312]"},"weight":1.0},{"frameworks":["0278fee7-4544-438f-991f-7ea7d8513cc2-0002"],"name":"slave_public\/dcos-edgelb__pools__ssl-nginx-delayed-role","resources":{"cpus":0,"disk":0,"gpus":0,"mem":0},"weight":1.0}]}