{"units":[{"id":"dcos-adminrouter.service","health":0,"output":"","description":"exposes a unified control plane proxy for components and services using NGINX","help":"","name":"Admin Router Master"},{"id":"dcos-backup-master.service","health":0,"output":"","description":"backup \u0026 restore service","help":"","name":"DC/OS Backup Master"},{"id":"dcos-backup-master.socket","health":0,"output":"","description":"socket for DC/OS Backup Master service","help":"","name":"DC/OS Backup Master Socket"},{"id":"dcos-bouncer.service","health":0,"output":"","description":"controls access to DC/OS components and services by managing users, user groups, service accounts, permissions, and identity providers","help":"","name":"DC/OS Identity and Access Manager (Bouncer)"},{"id":"dcos-ca.service","health":0,"output":"","description":"issues signed digital certificates for secure communication","help":"","name":"DC/OS Certificate Authority"},{"id":"dcos-checks-poststart.service","health":0,"output":"","description":"Run node-poststart checks","help":"","name":"DC/OS Poststart Checks"},{"id":"dcos-checks-poststart.timer","health":0,"output":"","description":"timer for DC/OS Checks service","help":"","name":"DC/OS Checks Timer"},{"id":"dcos-cluster-linker.service","health":0,"output":"","description":"service for DC/OS Cluster Linker","help":"","name":"DC/OS Cluster Linker Service"},{"id":"dcos-cluster-linker.socket","health":0,"output":"","description":"socket for DC/OS Cluster Linker","help":"","name":"DC/OS Cluster Linker Socket"},{"id":"dcos-cockroach.service","health":0,"output":"","description":"Database for the DC/OS IAM","help":"","name":"CockroachDB"},{"id":"dcos-cockroachdb-config-change.service","health":0,"output":"","description":"Disable CockroachDB diagnostic reporting","help":"","name":"CockroachDB Disable Diagnostics"},{"id":"dcos-cockroachdb-config-change.timer","health":0,"output":"","description":"Timer to periodically set the CockroachDB configuration","help":"","name":"CockroachDB Set Configuration Timer"},{"id":"dcos-cosmos.service","health":0,"output":"","description":"installs and manages DC/OS packages from DC/OS package repositories, such as the Mesosphere Universe","help":"","name":"DC/OS Package Manager (Cosmos)"},{"id":"dcos-diagnostics.service","health":0,"output":"","description":"aggregates and exposes component health","help":"","name":"DC/OS Diagnostics Master"},{"id":"dcos-diagnostics.socket","health":0,"output":"","description":"socket for DC/OS Diagnostics Agent","help":"","name":"DC/OS Diagnostics Agent Socket"},{"id":"dcos-exhibitor.service","health":0,"output":"","description":"Zookeeper supervisor service","help":"","name":"Exhibitor"},{"id":"dcos-gen-resolvconf.service","health":0,"output":"","description":"configures network name resolution","help":"","name":"Generate resolv.conf"},{"id":"dcos-gen-resolvconf.timer","health":0,"output":"","description":"periodically updates the network name resolution configuration","help":"","name":"Generate resolv.conf Timer"},{"id":"dcos-history.service","health":0,"output":"","description":"caches and exposes historical system state","help":"","name":"DC/OS History"},{"id":"dcos-licensing.service","health":0,"output":"","description":"licensing audit service","help":"","name":"DC/OS Licensing"},{"id":"dcos-licensing.socket","health":0,"output":"","description":"socket for licensing audit service","help":"","name":"DC/OS Licensing Socket"},{"id":"dcos-log-master.service","health":0,"output":"","description":"exposes master node and component logs","help":"","name":"DC/OS Log Master"},{"id":"dcos-log-master.socket","health":0,"output":"","description":"socket for DC/OS Log service","help":"","name":"DC/OS Log Socket"},{"id":"dcos-logrotate-master.service","health":0,"output":"","description":"Rotate Mesos master logs","help":"","name":"Logrotate Mesos Master"},{"id":"dcos-logrotate-master.timer","health":0,"output":"","description":"Timer to trigger every 2 minutes","help":"","name":"Logrotate Timer"},{"id":"dcos-marathon.service","health":0,"output":"","description":"container orchestration engine","help":"","name":"Marathon"},{"id":"dcos-mesos-dns.service","health":0,"output":"","description":"domain name based service discovery","help":"","name":"Mesos DNS"},{"id":"dcos-mesos-master.service","health":0,"output":"","description":"distributed systems kernel","help":"","name":"Mesos Master"},{"id":"dcos-metrics-master.service","health":0,"output":"","description":"exposes node metrics","help":"","name":"DC/OS Metrics Master"},{"id":"dcos-metrics-master.socket","health":0,"output":"","description":"socket for DC/OS Metrics Master service","help":"","name":"DC/OS Metrics Master Socket"},{"id":"dcos-metronome.service","health":0,"output":"","description":"job orchestration","help":"","name":"DC/OS Jobs (Metronome)"},{"id":"dcos-net-watchdog.service","health":0,"output":"","description":"restarts dcos-net when it is unhealthy","help":"","name":"DC/OS Net Watchdog"},{"id":"dcos-net.service","health":0,"output":"","description":"A distributed systems \u0026 network overlay orchestration engine","help":"","name":"DC/OS Net"},{"id":"dcos-pkgpanda-api.service","health":0,"output":"","description":"installs and manages DC/OS components","help":"","name":"DC/OS Component Package Manager (Pkgpanda)"},{"id":"dcos-secrets.service","health":0,"output":"","description":"provides a secure API for storing and retrieving secrets from Vault, a secret store","help":"","name":"DC/OS Secrets"},{"id":"dcos-secrets.socket","health":0,"output":"","description":"DC/OS Secrets Service socket","help":"","name":"Secrets Service socket"},{"id":"dcos-signal.service","health":0,"output":"","description":"reports cluster telemetry and analytics to help improve DC/OS","help":"","name":"DC/OS Signal"},{"id":"dcos-signal.timer","health":0,"output":"","description":"Timer for DCOS Signal Service","help":"","name":"Signal Timer"},{"id":"dcos-vault.service","health":0,"output":"","description":"DC/OS Default Secret Store Backend","help":"","name":"Vault"}],"hostname":"ip-10-0-7-201.us-west-2.compute.internal","ip":"10.0.7.201","dcos_version":"1.11.5","node_role":"master","mesos_id":"0278fee7-4544-438f-991f-7ea7d8513cc2","dcos_diagnostics_version":"0.4.0"}
